modelo_norm,propulsion,precio_usd,autonomia_km,carga_kg,legalidad_bin,repuestos_proxy,n_anuncios,motor_w_med,motor_cc_med,marcas,fuentes,precio_usd_norm,autonomia_km_norm,carga_kg_norm,legalidad_norm,repuestos_norm,n_criterios,score
TRICICLOS KIVITOVA 2026,electrico,3600.0,120.0,800.0,1,0,1,1200.0,,[],['elyerromenu'],0.7945205479452055,1.0,0.6666666666666666,1,0,5,0.8011415525114155
TRICICLOS TOPMAQ BRIDERK 2026,electrico,4700.0,100.0,1000.0,1,0,1,2000.0,,['TOPMAQ'],['elyerromenu'],0.4931506849315068,0.7142857142857143,1.0,1,0,5,0.6758317025440314
ELECTRICO CARGA TECHO 72V,electrico,2850.0,,850.0,0,0,1,,,[],['casalindashop'],1.0,,0.75,0,0,4,0.675
TRICICLOS MVP POWER,electrico,3900.0,100.0,,1,0,1,1500.0,,['MVP'],['elyerromenu'],0.7123287671232876,0.7142857142857143,,1,0,4,0.6635029354207436
ONEBOT CLASIC 2026,electrico,4750.0,120.0,,1,0,1,1200.0,,['ONEBOT'],['elyerromenu'],0.4794520547945206,1.0,,1,0,4,0.6417808219178082
OIM DISPONIBLE,electrico,3400.0,70.0,,1,0,1,1200.0,,['OIM'],['elyerromenu'],0.8493150684931507,0.2857142857142857,,1,0,4,0.6111545988258317
TRICICLOS OIM PASAJE,electrico,3500.0,70.0,,1,0,1,,,['OIM'],['elyerromenu'],0.821917808219178,0.2857142857142857,,1,0,4,0.6001956947162426
JINPENG,electrico,3300.0,70.0,600.0,1,0,1,,,['JINPENG'],['elyerromenu'],0.8767123287671232,0.2857142857142857,0.3333333333333333,1,0,5,0.5887801696020873
VEDCA C400,electrico,3860.0,80.0,400.0,1,1,2,1200.0,,['VEDCA'],"['elyerromenu', 'vedca', 'vedca_telegram']",0.7232876712328767,0.42857142857142855,0.0,1,1,5,0.5464579256360079
NIPPON SE,electrico,3842.0,80.0,500.0,1,0,1,,,['NIPPON'],['cubancargos'],0.7282191780821918,0.42857142857142855,0.16666666666666666,1,0,5,0.5317638617090672
TRICICLOS ELECTRICOS MAF BATERIA,electrico,4200.0,100.0,,0,0,1,1000.0,,[],['elyerromenu'],0.6301369863013699,0.7142857142857143,,0,0,4,0.5306262230919765
SK-2101,electrico,3900.0,,,0,0,1,,,['SK-2101'],['casalindashop'],0.7123287671232876,,,0,0,3,0.5099315068493151
ONEBOT JINCHENG 2026 CAPATAZ,electrico,5350.0,,800.0,1,0,1,1000.0,,['ONEBOT'],['elyerromenu'],0.31506849315068497,,0.6666666666666666,1,0,4,0.4843607305936073
ELECTRICO VIENTO RAPIDO,electrico,3100.0,70.0,500.0,0,0,1,1200.0,,['VIENTO'],['elyerromenu'],0.9315068493150684,0.2857142857142857,0.16666666666666666,0,0,5,0.47736464448793214
ELECTRICO 4 PASAJEROS CABINA,electrico,4300.0,,,0,0,1,1800.0,,[],['casalindashop'],0.6027397260273972,,,0,0,3,0.4660958904109589
ONEBOT TANK MAS GRANDE,electrico,6500.0,,1000.0,1,0,1,1800.0,,['ONEBOT'],['elyerromenu'],0.0,,1.0,1,0,4,0.42500000000000004
VEDCA C800,electrico,,50.0,1000.0,0,0,0,1200.0,,['VEDCA'],['vedca'],,0.0,1.0,0,0,4,0.4
VEDCA C400A,electrico,,80.0,400.0,0,0,0,1500.0,,['VEDCA'],['vedca_telegram'],,0.42857142857142855,0.0,0,0,4,0.30714285714285716
VEDCA C600,electrico,,50.0,600.0,0,0,0,1200.0,,['VEDCA'],['vedca_telegram'],,0.0,0.3333333333333333,0,0,4,0.26666666666666666
MAGIC BIKE M004,gasolina,3100.0,,,0,0,1,,200.0,['MAGIC BIKE'],['casalindashop'],1.0,0.5,0.5,0,0,3,0.625
MAGIC BIKE M005,gasolina,3400.0,,,0,0,1,,250.0,['MAGIC BIKE'],['casalindashop'],0.0,0.5,0.5,0,0,3,0.225
JINPEN HIBRIDO,hibrido,3800.0,,,1,0,1,1000.0,,['JINPEN'],['elyerromenu'],0.8837209302325582,,,1,0,3,0.6784883720930233
JIMPENG HIBRIDO 2026,hibrido,4300.0,100.0,850.0,1,0,1,1500.0,,[],['elyerromenu'],0.5930232558139534,0.5555555555555556,1.0,1,0,5,0.6760981912144702
TRICICLOS HIBRIDOS MEJOR PRECIO,hibrido,3600.0,90.0,,0,0,1,,,[],['elyerromenu'],1.0,0.4444444444444444,,0,0,4,0.611111111111111
TRICICLOS HIBRIDOS STAR,hibrido,4400.0,120.0,600.0,1,0,1,,,[],['elyerromenu'],0.5348837209302326,0.7777777777777778,0.2857142857142857,1,0,5,0.5655407899593946
PORTO BELLO,hibrido,5320.0,140.0,700.0,1,0,1,1100.0,,['PORTO BELLO'],['cubancargos'],0.0,1.0,0.5714285714285714,1,0,5,0.4642857142857143
JINPEING,hibrido,4751.0,,,1,0,1,1100.0,,['JINPEING'],['cubancargos'],0.33081395348837206,,,1,0,3,0.45732558139534885
FURIKAZAN,hibrido,4286.0,50.0,500.0,1,0,1,,,['FURIKAZAN'],['cubancargos'],0.6011627906976744,0.0,0.0,1,0,5,0.3404651162790698
HIBRIDO LAITUNG,hibrido,4900.0,,,0,0,1,,,['LAITUNG'],['elyerromenu'],0.2441860465116279,,,0,0,3,0.3226744186046512
